{
  "season": 2018,
  "games_compared": 45,
  "winner_accuracy": 0.6666666666666666,
  "actual_upsets": 14,
  "upsets_correctly_picked": 1,
  "upset_recall": 0.07142857142857142
}