{
  "calibration": {
    "a": 0.1252031969042281,
    "b": -0.031480372310913336,
    "method": "platt"
  },
  "config": {
    "max_bad_ratio": 0.06,
    "ridge_l2": 1.0,
    "stats_year_offset": -1,
    "test_years": [
      2018
    ],
    "train_years": [
      2008,
      2009,
      2010,
      2011,
      2012,
      2013,
      2014,
      2015,
      2016
    ],
    "validation_years": [
      2017
    ]
  },
  "ensemble_weight": 1.0,
  "feature_columns": [
    "a_offense",
    "a_defense",
    "a_total",
    "a_margin",
    "b_offense",
    "b_defense",
    "b_total",
    "b_margin",
    "offense_diff",
    "defense_diff",
    "margin_diff"
  ],
  "residual_std": {
    "score_a": 12.136948849366124,
    "score_b": 12.126411948667293
  },
  "ridge": {
    "a_coef": [
      0.19772702969383216,
      0.076878247235892,
      0.10788322076078524,
      0.10578789425868414,
      0.07304967650252027,
      0.22099106442239477,
      0.10895404465792194,
      -0.11336946584294876,
      0.07069821456063759,
      -0.09544804441433338,
      0.10822017141204215
    ],
    "a_intercept": 0.23180073994959116,
    "b_coef": [
      0.07981376703144484,
      0.22400455012553547,
      0.10575822637632508,
      -0.10345951208109604,
      0.18810973844834458,
      0.062057183576368,
      0.10136422018561742,
      0.09906389423683669,
      -0.07919862280322619,
      0.09298949251147474,
      -0.10243780446250705
    ],
    "b_intercept": 2.6233003854999453
  },
  "test_metrics": {
    "baseline": {
      "score_mae": 9.589101450563756,
      "winner_accuracy": 0.6540002584981259
    },
    "ensemble": {
      "brier": 0.21471295150408368,
      "log_loss": 0.6175212240091353,
      "score_mae": 9.552215876671642,
      "winner_accuracy": 0.655357373659041
    },
    "ridge": {
      "score_mae": 9.552215876671642,
      "winner_accuracy": 0.655357373659041
    }
  },
  "validation_metrics": {
    "baseline": {
      "score_mae": 9.576637230445135,
      "winner_accuracy": 0.6531252041016263
    },
    "ensemble": {
      "brier": 0.21573773172387842,
      "log_loss": 0.6203461871180036,
      "score_mae": 9.527301231280468,
      "winner_accuracy": 0.6537130167853178
    },
    "ridge": {
      "score_mae": 9.527301231280468,
      "winner_accuracy": 0.6537130167853178
    }
  }
}