{
  "config": {
    "all_games_csv": "csv/ncaa_games_all.csv",
    "kaggle_dir": "external/kaggle_mania",
    "l2": 1.0,
    "score_model_in": "models/tourney_score_pipeline.json",
    "stats_year_offset": -1,
    "test_years": [
      2018
    ],
    "train_years": [
      2008,
      2009,
      2010,
      2011,
      2012,
      2013,
      2014,
      2015,
      2016
    ],
    "validation_years": [
      2017
    ]
  },
  "features": {
    "upset": [
      "fav_score_win_prob",
      "fav_score_margin",
      "fav_margin_abs",
      "fav_seed",
      "dog_seed",
      "seed_gap",
      "seed_prior_upset"
    ],
    "win": [
      "score_win_prob_a",
      "score_margin",
      "score_margin_abs",
      "seed_a",
      "seed_b",
      "seed_diff",
      "seed_prior_win_a"
    ]
  },
  "mapping_summary": {
    "ambiguous_count": 0,
    "mapped_count": 362,
    "unresolved_count": 16
  },
  "seed_upset_priors": {
    "global": 0.28933092224231466,
    "pair_upset_rate": {
      "1-10": 0.4,
      "1-11": 0.5,
      "1-12": 0.125,
      "1-13": 0.3333333333333333,
      "1-16": 0.027777777777777776,
      "1-2": 0.5263157894736842,
      "1-3": 0.2,
      "1-4": 0.3,
      "1-5": 0.2727272727272727,
      "1-6": 0.3333333333333333,
      "1-7": 0.5,
      "1-8": 0.16666666666666666,
      "1-9": 0.17647058823529413,
      "10-11": 0.6,
      "10-15": 0.25,
      "11-14": 0.25,
      "12-13": 0.375,
      "2-10": 0.3333333333333333,
      "2-11": 0.14285714285714285,
      "2-15": 0.1388888888888889,
      "2-3": 0.42857142857142855,
      "2-4": 0.6666666666666666,
      "2-5": 0.6666666666666666,
      "2-6": 0.25,
      "2-7": 0.2857142857142857,
      "2-8": 0.8,
      "2-9": 0.6666666666666666,
      "3-10": 0.4,
      "3-11": 0.4117647058823529,
      "3-14": 0.1891891891891892,
      "3-15": 0.3333333333333333,
      "3-4": 0.6,
      "3-5": 0.3333333333333333,
      "3-6": 0.23529411764705882,
      "3-7": 0.5714285714285714,
      "3-8": 0.3333333333333333,
      "4-12": 0.23076923076923078,
      "4-13": 0.23684210526315788,
      "4-5": 0.42105263157894735,
      "4-7": 0.6,
      "4-8": 0.6,
      "5-12": 0.47368421052631576,
      "5-13": 0.25,
      "5-6": 0.3333333333333333,
      "5-9": 0.3333333333333333,
      "6-11": 0.47368421052631576,
      "6-14": 0.16666666666666666,
      "6-7": 0.3333333333333333,
      "7-10": 0.42105263157894735,
      "7-15": 0.5,
      "7-8": 0.3333333333333333,
      "8-11": 0.3333333333333333,
      "8-9": 0.39473684210526316,
      "9-13": 0.3333333333333333
    }
  },
  "test_metrics": {
    "upset": {
      "accuracy": 0.6935483870967742,
      "brier": 0.20074910952193997,
      "log_loss": 0.5891637094631937
    },
    "win": {
      "accuracy": 0.6818181818181818,
      "brier": 0.20204428055733314,
      "log_loss": 0.5906203951293519
    }
  },
  "upset_model": {
    "coef": [
      -0.002945980847654831,
      -0.04919701598069972,
      -0.03063870051322776,
      0.038419277421471505,
      -0.025677456698895467,
      -0.06409673412036693,
      0.016007103425835383
    ],
    "intercept": -0.17749952020967302
  },
  "validation_metrics": {
    "upset": {
      "accuracy": 0.7741935483870968,
      "brier": 0.16711026414037514,
      "log_loss": 0.5061568818618809
    },
    "win": {
      "accuracy": 0.7164179104477612,
      "brier": 0.17311354385425157,
      "log_loss": 0.518584712812139
    }
  },
  "win_model": {
    "coef": [
      0.002929181632946597,
      0.054640954446599894,
      -3.5826913630722203e-06,
      -0.040057113613618286,
      0.04004915252654852,
      0.08010626614016651,
      0.016287977218251173
    ],
    "intercept": -0.009523475055997096
  }
}